{"song":{"player2":"dad","player1":"pico","speed":1.6,"needsVoices":true,"sectionLengths":[],"song":"Bopeebo","notes":[{"mustHitSection":false,"typeOfSection":0,"lengthInSteps":16,"sectionNotes":[[0,2,0],[600,3,450],[1050,3,600]]},{"mustHitSection":true,"typeOfSection":0,"lengthInSteps":16,"sectionNotes":[[2400,2,0],[3000,3,450],[3450,3,600]]},{"mustHitSection":false,"typeOfSection":0,"lengthInSteps":16,"sectionNotes":[[4800,1,300],[5400,0,300],[6000,3,300]]},{"mustHitSection":true,"typeOfSection":0,"lengthInSteps":16,"sectionNotes":[[7200,1,300],[7800,0,300],[8400,3,300]]},{"mustHitSection":false,"typeOfSection":0,"lengthInSteps":16,"sectionNotes":[[9600,1,150],[10200,3,0],[10500,0,0],[10800,1,450]]},{"mustHitSection":true,"typeOfSection":0,"lengthInSteps":16,"sectionNotes":[[12000,1,150],[12600,3,0],[12900,0,0],[13200,1,450]]},{"mustHitSection":false,"typeOfSection":0,"lengthInSteps":16,"sectionNotes":[[14400,3,0],[14700,1,0],[15300,0,0],[15600,2,300]]},{"mustHitSection":true,"typeOfSection":0,"lengthInSteps":16,"sectionNotes":[[16800,3,0],[17100,1,0],[17700,0,0],[18000,2,300]]},{"mustHitSection":false,"typeOfSection":0,"lengthInSteps":16,"sectionNotes":[[19200,0,0],[19500,3,0],[19800,1,750]]},{"mustHitSection":true,"typeOfSection":0,"lengthInSteps":16,"sectionNotes":[[21600,0,0],[21900,3,0],[22200,1,750]]},{"mustHitSection":false,"typeOfSection":0,"lengthInSteps":16,"sectionNotes":[[24000,1,0],[24300,3,0],[24600,0,750]]},{"mustHitSection":true,"typeOfSection":0,"lengthInSteps":16,"sectionNotes":[[26700,3,0],[27000,0,750],[26400,1,0]]},{"mustHitSection":false,"typeOfSection":0,"lengthInSteps":16,"sectionNotes":[[28800,2,0],[29100,3,0],[29400,0,1050]]},{"mustHitSection":true,"typeOfSection":0,"lengthInSteps":16,"sectionNotes":[[31200,2,0],[31500,3,0],[31800,0,1050]]},{"mustHitSection":false,"typeOfSection":0,"lengthInSteps":16,"sectionNotes":[[33600,0,0],[33900,3,0],[34500,2,0],[34800,1,450]]},{"mustHitSection":true,"typeOfSection":0,"lengthInSteps":16,"sectionNotes":[[36000,0,0],[36300,3,0],[36900,2,0],[37200,1,450]]},{"mustHitSection":false,"typeOfSection":0,"lengthInSteps":16,"sectionNotes":[[38400,2,450],[39000,3,300],[39600,0,450]]},{"mustHitSection":true,"typeOfSection":0,"lengthInSteps":16,"sectionNotes":[[40800,2,450],[41400,3,300],[42000,0,450]]},{"mustHitSection":false,"typeOfSection":0,"lengthInSteps":16,"sectionNotes":[[43200,1,0],[43800,2,0],[44400,1,0],[44550,1,0],[44700,1,0],[45000,2,0]]},{"mustHitSection":true,"typeOfSection":0,"lengthInSteps":16,"sectionNotes":[[45600,1,0],[46200,2,0],[46800,1,0],[46950,1,0],[47100,1,0],[47400,2,0]]},{"mustHitSection":false,"typeOfSection":0,"lengthInSteps":16,"sectionNotes":[[48000,2,450],[48600,3,300],[49200,0,450]]},{"mustHitSection":true,"typeOfSection":0,"lengthInSteps":16,"sectionNotes":[[50400,2,450],[51000,3,300],[51600,0,450]]},{"mustHitSection":false,"typeOfSection":0,"lengthInSteps":16,"sectionNotes":[[52800,3,1650]]},{"mustHitSection":true,"typeOfSection":0,"lengthInSteps":16,"sectionNotes":[[55200,3,1650],[55650,4,0]]},{"mustHitSection":false,"typeOfSection":0,"lengthInSteps":16,"sectionNotes":[[57600,2,0],[57900,3,0],[58200,0,1050]]},{"mustHitSection":true,"typeOfSection":0,"lengthInSteps":16,"sectionNotes":[[60000,2,0],[60300,3,0],[60600,0,1050],[62100,6,0]]},{"mustHitSection":false,"typeOfSection":0,"lengthInSteps":16,"sectionNotes":[[62400,0,0],[62700,3,0],[63300,2,0],[63600,1,450],[64500,6,0]]},{"mustHitSection":true,"typeOfSection":0,"lengthInSteps":16,"sectionNotes":[[64800,0,0],[65100,3,0],[65700,2,0],[66000,1,450]]},{"mustHitSection":false,"typeOfSection":0,"lengthInSteps":16,"sectionNotes":[[67200,2,0],[67500,3,0],[67800,0,0],[68100,2,0],[68400,1,450]]},{"mustHitSection":true,"typeOfSection":0,"lengthInSteps":16,"sectionNotes":[[69600,2,0],[69900,3,0],[70200,0,0],[70500,2,0],[70800,1,450],[71700,6,0]]},{"mustHitSection":false,"typeOfSection":0,"lengthInSteps":16,"sectionNotes":[[72000,0,0],[72300,3,0],[72900,2,0],[73200,1,450],[74100,6,0]]},{"mustHitSection":true,"typeOfSection":0,"lengthInSteps":16,"sectionNotes":[[74400,0,0],[74700,3,0],[75300,2,0],[75600,1,450]]},{"lengthInSteps":16,"bpm":100,"changeBPM":false,"mustHitSection":true,"sectionNotes":[],"typeOfSection":0}],"bpm":100,"sections":0},"bpm":100,"sections":33,"notes":[{"mustHitSection":false,"typeOfSection":0,"lengthInSteps":16,"sectionNotes":[[0,2,0],[600,3,450],[1050,3,600]]},{"mustHitSection":true,"typeOfSection":0,"lengthInSteps":16,"sectionNotes":[[2400,2,0],[3000,3,450],[3450,3,600]]},{"mustHitSection":false,"typeOfSection":0,"lengthInSteps":16,"sectionNotes":[[4800,1,300],[5400,0,300],[6000,3,300]]},{"mustHitSection":true,"typeOfSection":0,"lengthInSteps":16,"sectionNotes":[[7200,1,300],[7800,0,300],[8400,3,300]]},{"mustHitSection":false,"typeOfSection":0,"lengthInSteps":16,"sectionNotes":[[9600,1,150],[10200,3,0],[10500,0,0],[10800,1,450]]},{"mustHitSection":true,"typeOfSection":0,"lengthInSteps":16,"sectionNotes":[[12000,1,150],[12600,3,0],[12900,0,0],[13200,1,450]]},{"mustHitSection":false,"typeOfSection":0,"lengthInSteps":16,"sectionNotes":[[14400,3,0],[14700,1,0],[15300,0,0],[15600,2,300]]},{"mustHitSection":true,"typeOfSection":0,"lengthInSteps":16,"sectionNotes":[[16800,3,0],[17100,1,0],[17700,0,0],[18000,2,300]]},{"mustHitSection":false,"typeOfSection":0,"lengthInSteps":16,"sectionNotes":[[19200,0,0],[19500,3,0],[19800,1,750]]},{"mustHitSection":true,"typeOfSection":0,"lengthInSteps":16,"sectionNotes":[[21600,0,0],[21900,3,0],[22200,1,750]]},{"mustHitSection":false,"typeOfSection":0,"lengthInSteps":16,"sectionNotes":[[24000,1,0],[24300,3,0],[24600,0,750]]},{"mustHitSection":true,"typeOfSection":0,"lengthInSteps":16,"sectionNotes":[[26700,3,0],[27000,0,750],[26400,1,0]]},{"mustHitSection":false,"typeOfSection":0,"lengthInSteps":16,"sectionNotes":[[28800,2,0],[29100,3,0],[29400,0,1050]]},{"mustHitSection":true,"typeOfSection":0,"lengthInSteps":16,"sectionNotes":[[31200,2,0],[31500,3,0],[31800,0,1050]]},{"mustHitSection":false,"typeOfSection":0,"lengthInSteps":16,"sectionNotes":[[33600,0,0],[33900,3,0],[34500,2,0],[34800,1,450]]},{"mustHitSection":true,"typeOfSection":0,"lengthInSteps":16,"sectionNotes":[[36000,0,0],[36300,3,0],[36900,2,0],[37200,1,450]]},{"mustHitSection":false,"typeOfSection":0,"lengthInSteps":16,"sectionNotes":[[38400,2,450],[39000,3,300],[39600,0,450]]},{"mustHitSection":true,"typeOfSection":0,"lengthInSteps":16,"sectionNotes":[[40800,2,450],[41400,3,300],[42000,0,450]]},{"mustHitSection":false,"typeOfSection":0,"lengthInSteps":16,"sectionNotes":[[43200,1,0],[43800,2,0],[44400,1,0],[44550,1,0],[44700,1,0],[45000,2,0]]},{"mustHitSection":true,"typeOfSection":0,"lengthInSteps":16,"sectionNotes":[[45600,1,0],[46200,2,0],[46800,1,0],[46950,1,0],[47100,1,0],[47400,2,0]]},{"mustHitSection":false,"typeOfSection":0,"lengthInSteps":16,"sectionNotes":[[48000,2,450],[48600,3,300],[49200,0,450]]},{"mustHitSection":true,"typeOfSection":0,"lengthInSteps":16,"sectionNotes":[[50400,2,450],[51000,3,300],[51600,0,450]]},{"mustHitSection":false,"typeOfSection":0,"lengthInSteps":16,"sectionNotes":[[52800,3,1650]]},{"mustHitSection":true,"typeOfSection":0,"lengthInSteps":16,"sectionNotes":[[55200,3,1650],[55650,4,0]]},{"mustHitSection":false,"typeOfSection":0,"lengthInSteps":16,"sectionNotes":[[57600,2,0],[57900,3,0],[58200,0,1050]]},{"mustHitSection":true,"typeOfSection":0,"lengthInSteps":16,"sectionNotes":[[60000,2,0],[60300,3,0],[60600,0,1050],[62100,6,0]]},{"mustHitSection":false,"typeOfSection":0,"lengthInSteps":16,"sectionNotes":[[62400,0,0],[62700,3,0],[63300,2,0],[63600,1,450],[64500,6,0]]},{"mustHitSection":true,"typeOfSection":0,"lengthInSteps":16,"sectionNotes":[[64800,0,0],[65100,3,0],[65700,2,0],[66000,1,450]]},{"mustHitSection":false,"typeOfSection":0,"lengthInSteps":16,"sectionNotes":[[67200,2,0],[67500,3,0],[67800,0,0],[68100,2,0],[68400,1,450]]},{"mustHitSection":true,"typeOfSection":0,"lengthInSteps":16,"sectionNotes":[[69600,2,0],[69900,3,0],[70200,0,0],[70500,2,0],[70800,1,450],[71700,6,0]]},{"mustHitSection":false,"typeOfSection":0,"lengthInSteps":16,"sectionNotes":[[72000,0,0],[72300,3,0],[72900,2,0],[73200,1,450],[74100,6,0]]},{"mustHitSection":true,"typeOfSection":0,"lengthInSteps":16,"sectionNotes":[[74400,0,0],[74700,3,0],[75300,2,0],[75600,1,450]]},{"lengthInSteps":16,"bpm":100,"changeBPM":false,"mustHitSection":true,"sectionNotes":[],"typeOfSection":0}]}                                                                                                                                                                                                                                                                                                                                                                                                                                                                                                                                                                                                                                                                                                                                                                                                                                                                                                                                                                                                                                                                                                                                                                                                                                                                                                                                                                                                                                                                                                                                                                                                                                                                                                                                                                                                                                                                                                                                                                                                                                                                                                                                                                                                                                                                                                                                                                                                                                                                                                                                                                                                                                                                                                                                                                                                                                                                                                                                                                                                                                                                                                                                                                                                                                                                                                                                                                                                                                                                                                                                                                                                                                                                                                                                                                                                                                                                                                                                                                                                                                                                                                                                                                                                                                                                                                                                                                