{"song":{"song":"Pico","notes":[{"lengthInSteps":16,"bpm":95,"changeBPM":false,"mustHitSection":true,"sectionNotes":[],"typeOfSection":0},{"lengthInSteps":16,"bpm":95,"changeBPM":false,"mustHitSection":true,"sectionNotes":[],"typeOfSection":0},{"lengthInSteps":16,"bpm":150,"changeBPM":false,"mustHitSection":false,"sectionNotes":[[3800,2,0],[4700,0,0]],"typeOfSection":0},{"lengthInSteps":16,"bpm":150,"changeBPM":false,"mustHitSection":false,"sectionNotes":[[5100,0,0],[5400,2,0],[6300,0,0]],"typeOfSection":0},{"lengthInSteps":16,"bpm":150,"changeBPM":false,"mustHitSection":false,"sectionNotes":[[7000,2,0],[7900,0,0]],"typeOfSection":0},{"lengthInSteps":16,"bpm":150,"changeBPM":false,"mustHitSection":false,"sectionNotes":[[8300,0,0],[8600,2,0],[9500,0,0]],"typeOfSection":0},{"lengthInSteps":16,"bpm":150,"changeBPM":false,"mustHitSection":true,"sectionNotes":[[10200,2,0],[11100,0,0]],"typeOfSection":0},{"lengthInSteps":16,"bpm":150,"changeBPM":false,"mustHitSection":true,"sectionNotes":[[11500,0,0],[11800,2,0],[12700,0,0]],"typeOfSection":0},{"lengthInSteps":16,"bpm":150,"changeBPM":false,"mustHitSection":true,"sectionNotes":[[13400,2,0],[14300,0,0]],"typeOfSection":0},{"lengthInSteps":16,"bpm":150,"changeBPM":false,"mustHitSection":true,"sectionNotes":[[14700,0,0],[15000,2,0],[15900,0,0]],"typeOfSection":0},{"lengthInSteps":16,"bpm":150,"changeBPM":false,"mustHitSection":false,"sectionNotes":[[16200,2,0],[16600,0,0],[17200,1,0]],"typeOfSection":0},{"lengthInSteps":16,"bpm":150,"changeBPM":false,"mustHitSection":false,"sectionNotes":[[17800,3,0],[18200,2,0],[18800,1,0]],"typeOfSection":0},{"lengthInSteps":16,"bpm":150,"changeBPM":false,"mustHitSection":false,"sectionNotes":[[19400,3,0],[20000,2,0],[20500,1,0]],"typeOfSection":0},{"lengthInSteps":16,"bpm":150,"changeBPM":false,"mustHitSection":false,"sectionNotes":[[21000,2,0],[21600,3,0],[22000,1,0]],"typeOfSection":0},{"lengthInSteps":16,"bpm":150,"changeBPM":false,"mustHitSection":true,"sectionNotes":[[22600,2,0],[23200,3,0],[23600,1,0]],"typeOfSection":0},{"lengthInSteps":16,"bpm":150,"changeBPM":false,"mustHitSection":true,"sectionNotes":[[24200,3,0],[24600,2,0],[25200,1,0]],"typeOfSection":0},{"lengthInSteps":16,"bpm":150,"changeBPM":false,"mustHitSection":true,"sectionNotes":[[25800,3,0],[26400,2,0],[26900,1,0]],"typeOfSection":0},{"lengthInSteps":16,"bpm":150,"changeBPM":false,"mustHitSection":true,"sectionNotes":[[27400,2,0],[28000,3,0],[28400,1,0]],"typeOfSection":0},{"lengthInSteps":16,"bpm":150,"changeBPM":false,"mustHitSection":false,"sectionNotes":[[30000,1,0],[29400,2,0],[29000,0,0],[30200,3,0]],"typeOfSection":0},{"lengthInSteps":16,"bpm":150,"changeBPM":false,"mustHitSection":false,"sectionNotes":[[30400,2,0],[31200,0,300],[31600,1,200],[30600,3,0]],"typeOfSection":0},{"lengthInSteps":16,"bpm":150,"changeBPM":false,"mustHitSection":false,"sectionNotes":[[32200,3,0],[32800,3,0],[33100,2,0]],"typeOfSection":0},{"lengthInSteps":16,"bpm":150,"changeBPM":false,"mustHitSection":false,"sectionNotes":[[33600,0,0],[34000,3,0],[34400,2,300],[34800,1,300]],"typeOfSection":0},{"lengthInSteps":16,"bpm":150,"changeBPM":false,"mustHitSection":true,"sectionNotes":[[35400,0,0],[35800,2,0],[36400,1,0],[36600,3,0]],"typeOfSection":0},{"lengthInSteps":16,"bpm":150,"changeBPM":false,"mustHitSection":true,"sectionNotes":[[36800,2,0],[37000,3,0],[37600,0,300],[38000,1,200]],"typeOfSection":0},{"lengthInSteps":16,"bpm":150,"changeBPM":false,"mustHitSection":true,"sectionNotes":[[38600,3,0],[39200,3,0],[39500,2,0]],"typeOfSection":0},{"lengthInSteps":16,"bpm":150,"changeBPM":false,"mustHitSection":true,"sectionNotes":[[40000,0,0],[40400,3,0],[40800,2,300],[41200,1,300]],"typeOfSection":0},{"lengthInSteps":16,"bpm":150,"changeBPM":false,"mustHitSection":false,"sectionNotes":[[41800,2,0],[42400,3,0],[42800,1,0]],"typeOfSection":0},{"lengthInSteps":16,"bpm":150,"changeBPM":false,"mustHitSection":false,"sectionNotes":[[44400,1,0],[43400,2,0],[44000,3,0]],"typeOfSection":0},{"lengthInSteps":16,"bpm":150,"changeBPM":false,"mustHitSection":false,"sectionNotes":[[45000,3,0],[45600,2,0],[46000,1,0]],"typeOfSection":0},{"lengthInSteps":16,"bpm":150,"changeBPM":false,"mustHitSection":false,"sectionNotes":[[46600,2,0],[47200,3,0],[47600,1,0]],"typeOfSection":0},{"lengthInSteps":16,"bpm":150,"changeBPM":false,"mustHitSection":true,"sectionNotes":[[48200,2,0],[48800,3,0],[49200,1,0]],"typeOfSection":0},{"lengthInSteps":16,"bpm":150,"changeBPM":false,"mustHitSection":true,"sectionNotes":[[50400,3,0],[50800,1,0],[49800,2,0]],"typeOfSection":0},{"lengthInSteps":16,"bpm":150,"changeBPM":false,"mustHitSection":true,"sectionNotes":[[51400,3,0],[52000,2,0],[52400,1,0]],"typeOfSection":0},{"lengthInSteps":16,"bpm":150,"changeBPM":false,"mustHitSection":true,"sectionNotes":[[53000,2,0],[53600,3,0],[54000,1,0]],"typeOfSection":0},{"lengthInSteps":16,"bpm":150,"changeBPM":false,"mustHitSection":false,"sectionNotes":[[54400,6,200],[54600,2,0],[54900,0,0],[55100,3,0],[55200,5,0],[55300,0,0],[55400,3,0],[55500,1,0],[55600,7,0],[55000,7,0]],"typeOfSection":0},{"lengthInSteps":16,"bpm":150,"changeBPM":false,"mustHitSection":true,"sectionNotes":[[56500,0,0],[56800,1,200],[56200,6,0],[56800,7,0],[57000,4,0],[57100,7,0],[57200,5,0],[56000,0,0],[56600,7,0]],"typeOfSection":0},{"lengthInSteps":16,"bpm":150,"changeBPM":false,"mustHitSection":false,"sectionNotes":[[57600,6,200],[57800,2,0],[58100,0,0],[58300,3,0],[58400,5,0],[58500,0,0],[58600,3,0],[58700,1,0],[58800,7,0]],"typeOfSection":0},{"lengthInSteps":16,"bpm":150,"changeBPM":false,"mustHitSection":false,"sectionNotes":[[60500,4,0],[60100,6,0],[59700,4,0],[59200,4,0],[59600,3,0],[59800,0,0],[60000,3,0],[60200,0,0],[60400,1,0],[60300,3,0],[59400,1,0]],"typeOfSection":0},{"lengthInSteps":16,"bpm":150,"changeBPM":false,"mustHitSection":true,"sectionNotes":[[61000,2,0],[61600,3,0],[62000,1,0]],"typeOfSection":0},{"lengthInSteps":16,"bpm":150,"changeBPM":false,"mustHitSection":true,"sectionNotes":[[63200,3,0],[63600,1,0],[62600,2,0],[63000,3,0]],"typeOfSection":0},{"lengthInSteps":16,"bpm":150,"changeBPM":false,"mustHitSection":true,"sectionNotes":[[64200,3,0],[64800,2,0],[65200,1,0]],"typeOfSection":0},{"lengthInSteps":16,"bpm":150,"changeBPM":false,"mustHitSection":true,"sectionNotes":[[65800,2,0],[66400,3,0],[66800,1,0]],"typeOfSection":0},{"lengthInSteps":16,"bpm":150,"changeBPM":false,"mustHitSection":false,"sectionNotes":[[67400,3,0],[68000,2,0],[68200,3,0],[68400,3,0],[68600,1,0]],"typeOfSection":0},{"lengthInSteps":16,"bpm":150,"changeBPM":false,"mustHitSection":false,"sectionNotes":[[68800,1,0],[69600,1,300],[70000,3,300],[69300,0,0]],"typeOfSection":0},{"lengthInSteps":16,"bpm":150,"changeBPM":false,"mustHitSection":false,"sectionNotes":[[70800,1,0],[71000,2,0],[71500,2,0],[71700,3,0],[70800,1,0],[71000,2,0],[71500,2,0],[71700,3,0]],"typeOfSection":0},{"lengthInSteps":16,"bpm":150,"changeBPM":false,"mustHitSection":false,"sectionNotes":[[72000,0,0],[72400,3,0],[72800,2,300],[73200,1,300]],"typeOfSection":0},{"lengthInSteps":16,"bpm":150,"changeBPM":false,"mustHitSection":true,"sectionNotes":[[73800,3,0],[74400,2,0],[74600,3,0],[74800,3,0],[75000,1,0]],"typeOfSection":0},{"lengthInSteps":16,"bpm":150,"changeBPM":false,"mustHitSection":true,"sectionNotes":[[76000,1,300],[76400,3,300],[75200,1,0],[75700,0,0]],"typeOfSection":0},{"lengthInSteps":16,"bpm":150,"changeBPM":false,"mustHitSection":true,"sectionNotes":[[76800,2,0],[77400,2,0],[77900,2,0],[78100,3,0],[77200,1,0]],"typeOfSection":0},{"lengthInSteps":16,"bpm":150,"changeBPM":false,"mustHitSection":true,"sectionNotes":[[78400,0,0],[78800,3,0],[79200,2,300],[79600,1,300]],"typeOfSection":0},{"lengthInSteps":16,"bpm":150,"changeBPM":false,"mustHitSection":true,"sectionNotes":[],"typeOfSection":0},{"lengthInSteps":16,"bpm":150,"changeBPM":false,"mustHitSection":true,"sectionNotes":[],"typeOfSection":0},{"lengthInSteps":16,"bpm":150,"changeBPM":false,"mustHitSection":true,"sectionNotes":[],"typeOfSection":0},{"lengthInSteps":16,"bpm":150,"changeBPM":false,"mustHitSection":true,"sectionNotes":[],"typeOfSection":0},{"lengthInSteps":16,"bpm":150,"changeBPM":false,"mustHitSection":true,"sectionNotes":[],"typeOfSection":0},{"lengthInSteps":16,"bpm":150,"changeBPM":false,"mustHitSection":true,"sectionNotes":[],"typeOfSection":0}],"bpm":150,"sections":0,"needsVoices":true,"player1":"pico","player2":"pico","sectionLengths":[],"speed":1.2,"validScore":true},"bpm":150,"sections":56,"notes":[{"lengthInSteps":16,"bpm":95,"changeBPM":false,"mustHitSection":true,"sectionNotes":[],"typeOfSection":0},{"lengthInSteps":16,"bpm":95,"changeBPM":false,"mustHitSection":true,"sectionNotes":[],"typeOfSection":0},{"lengthInSteps":16,"bpm":150,"changeBPM":false,"mustHitSection":false,"sectionNotes":[[3800,2,0],[4700,0,0]],"typeOfSection":0},{"lengthInSteps":16,"bpm":150,"changeBPM":false,"mustHitSection":false,"sectionNotes":[[5100,0,0],[5400,2,0],[6300,0,0]],"typeOfSection":0},{"lengthInSteps":16,"bpm":150,"changeBPM":false,"mustHitSection":false,"sectionNotes":[[7000,2,0],[7900,0,0]],"typeOfSection":0},{"lengthInSteps":16,"bpm":150,"changeBPM":false,"mustHitSection":false,"sectionNotes":[[8300,0,0],[8600,2,0],[9500,0,0]],"typeOfSection":0},{"lengthInSteps":16,"bpm":150,"changeBPM":false,"mustHitSection":true,"sectionNotes":[[10200,2,0],[11100,0,0]],"typeOfSection":0},{"lengthInSteps":16,"bpm":150,"changeBPM":false,"mustHitSection":true,"sectionNotes":[[11500,0,0],[11800,2,0],[12700,0,0]],"typeOfSection":0},{"lengthInSteps":16,"bpm":150,"changeBPM":false,"mustHitSection":true,"sectionNotes":[[13400,2,0],[14300,0,0]],"typeOfSection":0},{"lengthInSteps":16,"bpm":150,"changeBPM":false,"mustHitSection":true,"sectionNotes":[[14700,0,0],[15000,2,0],[15900,0,0]],"typeOfSection":0},{"lengthInSteps":16,"bpm":150,"changeBPM":false,"mustHitSection":false,"sectionNotes":[[16200,2,0],[16600,0,0],[17200,1,0]],"typeOfSection":0},{"lengthInSteps":16,"bpm":150,"changeBPM":false,"mustHitSection":false,"sectionNotes":[[17800,3,0],[18200,2,0],[18800,1,0]],"typeOfSection":0},{"lengthInSteps":16,"bpm":150,"changeBPM":false,"mustHitSection":false,"sectionNotes":[[19400,3,0],[20000,2,0],[20500,1,0]],"typeOfSection":0},{"lengthInSteps":16,"bpm":150,"changeBPM":false,"mustHitSection":false,"sectionNotes":[[21000,2,0],[21600,3,0],[22000,1,0]],"typeOfSection":0},{"lengthInSteps":16,"bpm":150,"changeBPM":false,"mustHitSection":true,"sectionNotes":[[22600,2,0],[23200,3,0],[23600,1,0]],"typeOfSection":0},{"lengthInSteps":16,"bpm":150,"changeBPM":false,"mustHitSection":true,"sectionNotes":[[24200,3,0],[24600,2,0],[25200,1,0]],"typeOfSection":0},{"lengthInSteps":16,"bpm":150,"changeBPM":false,"mustHitSection":true,"sectionNotes":[[25800,3,0],[26400,2,0],[26900,1,0]],"typeOfSection":0},{"lengthInSteps":16,"bpm":150,"changeBPM":false,"mustHitSection":true,"sectionNotes":[[27400,2,0],[28000,3,0],[28400,1,0]],"typeOfSection":0},{"lengthInSteps":16,"bpm":150,"changeBPM":false,"mustHitSection":false,"sectionNotes":[[30000,1,0],[29400,2,0],[29000,0,0],[30200,3,0]],"typeOfSection":0},{"lengthInSteps":16,"bpm":150,"changeBPM":false,"mustHitSection":false,"sectionNotes":[[30400,2,0],[31200,0,300],[31600,1,200],[30600,3,0]],"typeOfSection":0},{"lengthInSteps":16,"bpm":150,"changeBPM":false,"mustHitSection":false,"sectionNotes":[[32200,3,0],[32800,3,0],[33100,2,0]],"typeOfSection":0},{"lengthInSteps":16,"bpm":150,"changeBPM":false,"mustHitSection":false,"sectionNotes":[[33600,0,0],[34000,3,0],[34400,2,300],[34800,1,300]],"typeOfSection":0},{"lengthInSteps":16,"bpm":150,"changeBPM":false,"mustHitSection":true,"sectionNotes":[[35400,0,0],[35800,2,0],[36400,1,0],[36600,3,0]],"typeOfSection":0},{"lengthInSteps":16,"bpm":150,"changeBPM":false,"mustHitSection":true,"sectionNotes":[[36800,2,0],[37000,3,0],[37600,0,300],[38000,1,200]],"typeOfSection":0},{"lengthInSteps":16,"bpm":150,"changeBPM":false,"mustHitSection":true,"sectionNotes":[[38600,3,0],[39200,3,0],[39500,2,0]],"typeOfSection":0},{"lengthInSteps":16,"bpm":150,"changeBPM":false,"mustHitSection":true,"sectionNotes":[[40000,0,0],[40400,3,0],[40800,2,300],[41200,1,300]],"typeOfSection":0},{"lengthInSteps":16,"bpm":150,"changeBPM":false,"mustHitSection":false,"sectionNotes":[[41800,2,0],[42400,3,0],[42800,1,0]],"typeOfSection":0},{"lengthInSteps":16,"bpm":150,"changeBPM":false,"mustHitSection":false,"sectionNotes":[[44400,1,0],[43400,2,0],[44000,3,0]],"typeOfSection":0},{"lengthInSteps":16,"bpm":150,"changeBPM":false,"mustHitSection":false,"sectionNotes":[[45000,3,0],[45600,2,0],[46000,1,0]],"typeOfSection":0},{"lengthInSteps":16,"bpm":150,"changeBPM":false,"mustHitSection":false,"sectionNotes":[[46600,2,0],[47200,3,0],[47600,1,0]],"typeOfSection":0},{"lengthInSteps":16,"bpm":150,"changeBPM":false,"mustHitSection":true,"sectionNotes":[[48200,2,0],[48800,3,0],[49200,1,0]],"typeOfSection":0},{"lengthInSteps":16,"bpm":150,"changeBPM":false,"mustHitSection":true,"sectionNotes":[[50400,3,0],[50800,1,0],[49800,2,0]],"typeOfSection":0},{"lengthInSteps":16,"bpm":150,"changeBPM":false,"mustHitSection":true,"sectionNotes":[[51400,3,0],[52000,2,0],[52400,1,0]],"typeOfSection":0},{"lengthInSteps":16,"bpm":150,"changeBPM":false,"mustHitSection":true,"sectionNotes":[[53000,2,0],[53600,3,0],[54000,1,0]],"typeOfSection":0},{"lengthInSteps":16,"bpm":150,"changeBPM":false,"mustHitSection":false,"sectionNotes":[[54400,6,200],[54600,2,0],[54900,0,0],[55100,3,0],[55200,5,0],[55300,0,0],[55400,3,0],[55500,1,0],[55600,7,0],[55000,7,0]],"typeOfSection":0},{"lengthInSteps":16,"bpm":150,"changeBPM":false,"mustHitSection":true,"sectionNotes":[[56500,0,0],[56800,1,200],[56200,6,0],[56800,7,0],[57000,4,0],[57100,7,0],[57200,5,0],[56000,0,0],[56600,7,0]],"typeOfSection":0},{"lengthInSteps":16,"bpm":150,"changeBPM":false,"mustHitSection":false,"sectionNotes":[[57600,6,200],[57800,2,0],[58100,0,0],[58300,3,0],[58400,5,0],[58500,0,0],[58600,3,0],[58700,1,0],[58800,7,0]],"typeOfSection":0},{"lengthInSteps":16,"bpm":150,"changeBPM":false,"mustHitSection":false,"sectionNotes":[[60500,4,0],[60100,6,0],[59700,4,0],[59200,4,0],[59600,3,0],[59800,0,0],[60000,3,0],[60200,0,0],[60400,1,0],[60300,3,0],[59400,1,0]],"typeOfSection":0},{"lengthInSteps":16,"bpm":150,"changeBPM":false,"mustHitSection":true,"sectionNotes":[[61000,2,0],[61600,3,0],[62000,1,0]],"typeOfSection":0},{"lengthInSteps":16,"bpm":150,"changeBPM":false,"mustHitSection":true,"sectionNotes":[[63200,3,0],[63600,1,0],[62600,2,0],[63000,3,0]],"typeOfSection":0},{"lengthInSteps":16,"bpm":150,"changeBPM":false,"mustHitSection":true,"sectionNotes":[[64200,3,0],[64800,2,0],[65200,1,0]],"typeOfSection":0},{"lengthInSteps":16,"bpm":150,"changeBPM":false,"mustHitSection":true,"sectionNotes":[[65800,2,0],[66400,3,0],[66800,1,0]],"typeOfSection":0},{"lengthInSteps":16,"bpm":150,"changeBPM":false,"mustHitSection":false,"sectionNotes":[[67400,3,0],[68000,2,0],[68200,3,0],[68400,3,0],[68600,1,0]],"typeOfSection":0},{"lengthInSteps":16,"bpm":150,"changeBPM":false,"mustHitSection":false,"sectionNotes":[[68800,1,0],[69600,1,300],[70000,3,300],[69300,0,0]],"typeOfSection":0},{"lengthInSteps":16,"bpm":150,"changeBPM":false,"mustHitSection":false,"sectionNotes":[[70800,1,0],[71000,2,0],[71500,2,0],[71700,3,0],[70800,1,0],[71000,2,0],[71500,2,0],[71700,3,0]],"typeOfSection":0},{"lengthInSteps":16,"bpm":150,"changeBPM":false,"mustHitSection":false,"sectionNotes":[[72000,0,0],[72400,3,0],[72800,2,300],[73200,1,300]],"typeOfSection":0},{"lengthInSteps":16,"bpm":150,"changeBPM":false,"mustHitSection":true,"sectionNotes":[[73800,3,0],[74400,2,0],[74600,3,0],[74800,3,0],[75000,1,0]],"typeOfSection":0},{"lengthInSteps":16,"bpm":150,"changeBPM":false,"mustHitSection":true,"sectionNotes":[[76000,1,300],[76400,3,300],[75200,1,0],[75700,0,0]],"typeOfSection":0},{"lengthInSteps":16,"bpm":150,"changeBPM":false,"mustHitSection":true,"sectionNotes":[[76800,2,0],[77400,2,0],[77900,2,0],[78100,3,0],[77200,1,0]],"typeOfSection":0},{"lengthInSteps":16,"bpm":150,"changeBPM":false,"mustHitSection":true,"sectionNotes":[[78400,0,0],[78800,3,0],[79200,2,300],[79600,1,300]],"typeOfSection":0},{"lengthInSteps":16,"bpm":150,"changeBPM":false,"mustHitSection":true,"sectionNotes":[],"typeOfSection":0},{"lengthInSteps":16,"bpm":150,"changeBPM":false,"mustHitSection":true,"sectionNotes":[],"typeOfSection":0},{"lengthInSteps":16,"bpm":150,"changeBPM":false,"mustHitSection":true,"sectionNotes":[],"typeOfSection":0},{"lengthInSteps":16,"bpm":150,"changeBPM":false,"mustHitSection":true,"sectionNotes":[],"typeOfSection":0},{"lengthInSteps":16,"bpm":150,"changeBPM":false,"mustHitSection":true,"sectionNotes":[],"typeOfSection":0},{"lengthInSteps":16,"bpm":150,"changeBPM":false,"mustHitSection":true,"sectionNotes":[],"typeOfSection":0}]}