{"notes":[{"typeOfSection":0,"sectionNotes":[],"lengthInSteps":16,"bpm":95,"changeBPM":false,"mustHitSection":true},{"typeOfSection":0,"sectionNotes":[],"lengthInSteps":16,"bpm":95,"changeBPM":false,"mustHitSection":true},{"typeOfSection":0,"sectionNotes":[[3400,1,0],[3800,1,0],[4200,1,0],[4400,3,0],[4600,2,0]],"lengthInSteps":16,"bpm":95,"changeBPM":false,"mustHitSection":false},{"typeOfSection":0,"sectionNotes":[[5000,1,0],[5400,1,0],[5600,3,0],[6000,3,0],[6200,1,0],[5800,2,0]],"lengthInSteps":16,"bpm":95,"changeBPM":false,"mustHitSection":false},{"typeOfSection":0,"sectionNotes":[[6600,1,0],[7000,1,0],[7400,1,0],[7600,3,0],[7800,2,0]],"lengthInSteps":16,"bpm":95,"changeBPM":false,"mustHitSection":false},{"typeOfSection":0,"sectionNotes":[[8200,1,0],[8600,1,0],[8800,3,0],[9000,2,0],[9400,1,0]],"lengthInSteps":16,"bpm":95,"changeBPM":false,"mustHitSection":false},{"typeOfSection":0,"sectionNotes":[[9800,1,0],[10200,1,0],[10600,1,0],[10800,3,0],[11000,2,0]],"lengthInSteps":16,"bpm":95,"changeBPM":false,"mustHitSection":true},{"typeOfSection":0,"sectionNotes":[[11400,1,0],[11800,1,0],[12000,3,0],[12200,2,0],[12400,3,0],[12600,1,0]],"lengthInSteps":16,"bpm":95,"changeBPM":false,"mustHitSection":true},{"typeOfSection":0,"sectionNotes":[[13000,1,0],[13400,1,0],[13800,1,0],[14000,3,0],[14200,2,0]],"lengthInSteps":16,"bpm":95,"changeBPM":false,"mustHitSection":true},{"typeOfSection":0,"sectionNotes":[[14600,1,0],[15000,1,0],[15200,3,0],[15400,2,0],[15800,1,0]],"lengthInSteps":16,"bpm":95,"changeBPM":false,"mustHitSection":true},{"typeOfSection":0,"sectionNotes":[[16200,3,100],[16000,2,0],[16800,3,100],[17200,0,0],[17400,2,0],[16400,1,0]],"lengthInSteps":16,"altAnim":true,"bpm":150,"changeBPM":false,"mustHitSection":false},{"typeOfSection":0,"sectionNotes":[[17800,0,0],[18200,0,0],[18600,0,0],[19000,3,400]],"lengthInSteps":16,"altAnim":true,"bpm":150,"changeBPM":false,"mustHitSection":false},{"typeOfSection":0,"sectionNotes":[[19600,1,100],[20000,3,100],[20400,1,0],[20600,0,0]],"lengthInSteps":16,"altAnim":true,"bpm":150,"changeBPM":false,"mustHitSection":false},{"typeOfSection":0,"sectionNotes":[[21000,0,0],[21400,1,0],[21800,1,0],[22000,2,300]],"lengthInSteps":16,"altAnim":true,"bpm":150,"changeBPM":false,"mustHitSection":false},{"typeOfSection":0,"sectionNotes":[[22400,4,300],[22600,3,100],[22800,1,0],[22400,2,0],[23200,3,100],[23600,0,0],[23800,2,0]],"lengthInSteps":16,"bpm":150,"changeBPM":false,"mustHitSection":true},{"typeOfSection":0,"sectionNotes":[[24200,0,0],[24600,0,0],[25000,0,0],[25400,3,400]],"lengthInSteps":16,"bpm":150,"changeBPM":false,"mustHitSection":true},{"typeOfSection":0,"sectionNotes":[[26000,1,100],[26400,3,100],[26800,1,0],[27000,0,0]],"lengthInSteps":16,"bpm":150,"changeBPM":false,"mustHitSection":true},{"typeOfSection":0,"sectionNotes":[[27400,0,0],[27800,1,0],[28200,1,0],[28400,2,300]],"lengthInSteps":16,"bpm":150,"changeBPM":false,"mustHitSection":true},{"typeOfSection":0,"sectionNotes":[[28800,4,300],[29200,1,0],[29000,3,0],[29400,0,0],[29500,3,0],[29800,3,0],[30000,1,0],[30200,0,0],[30300,3,0]],"lengthInSteps":16,"bpm":150,"changeBPM":false,"mustHitSection":false},{"typeOfSection":0,"sectionNotes":[[30600,3,0],[30800,1,0],[31000,0,0],[31100,3,0],[31400,3,0],[31600,3,0],[31800,0,0]],"lengthInSteps":16,"bpm":150,"changeBPM":false,"mustHitSection":false},{"typeOfSection":0,"sectionNotes":[[32000,3,0],[32200,3,0],[32400,1,0],[32600,0,0],[32700,3,0],[33000,3,0],[33200,1,0],[33400,0,0],[33500,3,0]],"lengthInSteps":16,"bpm":150,"changeBPM":false,"mustHitSection":false},{"typeOfSection":0,"sectionNotes":[[33800,3,0],[34000,1,0],[34200,0,0],[34400,1,0],[34500,0,0],[34800,3,0],[35000,1,0]],"lengthInSteps":16,"bpm":150,"changeBPM":false,"mustHitSection":false},{"typeOfSection":0,"sectionNotes":[[35600,1,0],[35400,3,0],[35800,0,0],[35900,3,0],[36200,3,0],[36400,1,0],[36600,0,0],[36700,3,0]],"lengthInSteps":16,"bpm":150,"changeBPM":false,"mustHitSection":true},{"typeOfSection":0,"sectionNotes":[[37000,3,0],[37200,1,0],[37400,0,0],[37500,3,0],[37800,3,0],[38000,3,0],[38200,0,0]],"lengthInSteps":16,"bpm":150,"changeBPM":false,"mustHitSection":true},{"typeOfSection":0,"sectionNotes":[[38400,3,0],[38600,3,0],[38800,1,0],[39000,0,0],[39100,3,0],[39400,3,0],[39600,1,0],[39800,0,0],[39900,3,0]],"lengthInSteps":16,"bpm":150,"changeBPM":false,"mustHitSection":true},{"typeOfSection":0,"sectionNotes":[[40200,3,0],[40400,1,0],[40600,0,0],[40800,1,0],[41200,3,0],[41000,2,100],[41400,1,0]],"lengthInSteps":16,"bpm":150,"changeBPM":false,"mustHitSection":true},{"typeOfSection":0,"sectionNotes":[[41600,7,300],[41600,0,0],[41700,2,100],[42000,3,0],[42200,0,0],[42600,0,0],[43000,3,0]],"lengthInSteps":16,"altAnim":true,"bpm":150,"changeBPM":false,"mustHitSection":false},{"typeOfSection":0,"sectionNotes":[[43200,7,300],[43200,0,0],[43300,2,100],[43600,3,0],[43800,0,0],[44200,0,0],[44600,3,0]],"lengthInSteps":16,"bpm":150,"changeBPM":false,"mustHitSection":true},{"typeOfSection":0,"sectionNotes":[[44800,7,300],[44800,0,0],[44900,2,100],[45200,3,0],[45400,0,0],[45800,0,0],[46200,3,0]],"lengthInSteps":16,"altAnim":true,"bpm":150,"changeBPM":false,"mustHitSection":false},{"typeOfSection":0,"sectionNotes":[[46400,7,300],[46400,0,0],[46500,2,100],[46800,3,0],[47000,0,0],[47400,0,0],[47800,3,0]],"lengthInSteps":16,"bpm":150,"changeBPM":false,"mustHitSection":true},{"typeOfSection":0,"sectionNotes":[[48200,1,0],[48600,1,0],[49000,1,0],[49400,3,0],[49200,2,0]],"lengthInSteps":16,"bpm":150,"changeBPM":false,"mustHitSection":false},{"typeOfSection":0,"sectionNotes":[[49800,1,0],[50200,1,0],[50600,1,0],[50800,3,0],[50900,0,0],[51000,3,0]],"lengthInSteps":16,"bpm":150,"changeBPM":false,"mustHitSection":false},{"typeOfSection":0,"sectionNotes":[[51400,1,0],[51800,1,0],[52200,1,0],[52600,3,0],[52400,2,0]],"lengthInSteps":16,"bpm":150,"changeBPM":false,"mustHitSection":false},{"typeOfSection":0,"sectionNotes":[[53000,1,0],[53400,1,0],[53800,1,0],[54000,3,0],[54100,0,0],[54200,3,0]],"lengthInSteps":16,"bpm":150,"changeBPM":false,"mustHitSection":false},{"typeOfSection":0,"sectionNotes":[[54600,1,0],[55000,1,0],[55400,1,0],[55800,3,0],[55600,2,0]],"lengthInSteps":16,"bpm":150,"changeBPM":false,"mustHitSection":true},{"typeOfSection":0,"sectionNotes":[[56200,1,0],[56600,1,0],[57000,1,0],[57200,3,0],[57300,0,0],[57400,3,0],[56200,1,0],[56600,1,0],[57000,1,0],[57200,3,0],[57300,0,0],[57400,3,0],[56200,1,0],[56600,1,0],[57000,1,0],[57200,3,0],[57300,0,0],[57400,3,0]],"lengthInSteps":16,"bpm":150,"changeBPM":false,"mustHitSection":true},{"typeOfSection":0,"sectionNotes":[[57800,1,0],[58200,1,0],[58600,1,0],[59000,3,0],[58800,2,0]],"lengthInSteps":16,"bpm":150,"changeBPM":false,"mustHitSection":true},{"typeOfSection":0,"sectionNotes":[[59400,1,0],[59800,1,0],[60200,1,0],[60400,3,0],[60500,0,0],[60600,3,0]],"lengthInSteps":16,"bpm":150,"changeBPM":false,"mustHitSection":true},{"typeOfSection":0,"sectionNotes":[[60800,2,0],[61000,3,0],[61200,0,0],[61600,1,0],[61800,0,0],[62000,1,0]],"lengthInSteps":16,"altAnim":true,"bpm":150,"changeBPM":false,"mustHitSection":false},{"typeOfSection":0,"sectionNotes":[[62400,0,0],[62600,1,0],[62800,0,0],[63000,3,100],[63200,1,0],[63400,2,0],[63600,3,200]],"lengthInSteps":16,"altAnim":true,"bpm":150,"changeBPM":false,"mustHitSection":false},{"typeOfSection":0,"sectionNotes":[[64000,2,0],[64200,3,0],[64400,0,0],[64800,1,0],[65000,0,0],[65200,1,0]],"lengthInSteps":16,"bpm":150,"changeBPM":false,"mustHitSection":true},{"typeOfSection":0,"sectionNotes":[[65600,0,0],[65800,1,0],[66000,0,0],[66200,3,100],[66400,1,0],[66600,2,0],[66800,3,200]],"lengthInSteps":16,"bpm":150,"changeBPM":false,"mustHitSection":true},{"typeOfSection":0,"sectionNotes":[[67200,1,0],[67400,3,0],[67600,0,200],[68000,1,0],[68200,1,0],[68400,1,0]],"lengthInSteps":16,"altAnim":true,"bpm":150,"changeBPM":false,"mustHitSection":false},{"typeOfSection":0,"sectionNotes":[[68800,3,0],[68900,0,100],[69200,1,0],[69400,1,0],[69600,2,300],[70000,2,300]],"lengthInSteps":16,"altAnim":true,"bpm":150,"changeBPM":false,"mustHitSection":false},{"typeOfSection":0,"sectionNotes":[[70400,1,0],[70600,3,0],[70800,0,200],[71600,1,0],[71200,1,0],[71400,0,0]],"lengthInSteps":16,"bpm":150,"changeBPM":false,"mustHitSection":true},{"typeOfSection":0,"sectionNotes":[[72000,3,0],[72100,0,100],[72400,1,0],[72600,1,0],[72800,2,300],[73200,2,300]],"lengthInSteps":16,"bpm":150,"changeBPM":false,"mustHitSection":true},{"typeOfSection":0,"sectionNotes":[[74200,4,0],[74300,7,0],[74400,6,0],[74600,7,0],[75100,7,0],[73600,4,300],[73900,7,0],[73600,4,300],[73800,3,100],[74000,1,0],[73600,2,0],[74400,3,100],[74800,0,0],[75000,2,0]],"lengthInSteps":16,"bpm":150,"changeBPM":false,"mustHitSection":true},{"typeOfSection":0,"sectionNotes":[[75600,5,0],[75400,7,0],[75900,7,0],[76000,6,0],[76200,7,0],[76400,5,0],[76600,4,0],[76700,7,0],[75400,0,0],[75800,0,0],[76200,0,0],[76600,3,400]],"lengthInSteps":16,"bpm":150,"changeBPM":false,"mustHitSection":true},{"typeOfSection":0,"sectionNotes":[[76800,7,0],[77000,7,0],[77200,5,0],[77400,4,0],[77500,7,0],[77800,7,0],[78000,5,0],[78200,4,0],[78300,7,0],[77200,1,100],[77600,3,100],[78000,1,0],[78200,0,0]],"lengthInSteps":16,"bpm":150,"changeBPM":false,"mustHitSection":true},{"typeOfSection":0,"sectionNotes":[[78600,7,0],[78800,5,0],[79000,4,0],[79200,5,0],[79300,4,0],[79600,7,0],[79800,5,0],[78600,0,0],[79000,1,0],[79400,1,0],[79600,2,300]],"lengthInSteps":16,"bpm":150,"changeBPM":false,"mustHitSection":true},{"typeOfSection":0,"sectionNotes":[[80400,1,0],[80200,3,0],[80600,0,0],[81000,3,0],[81200,1,0],[81400,0,0],[81500,3,0],[80800,2,0]],"lengthInSteps":16,"bpm":150,"changeBPM":false,"mustHitSection":true},{"typeOfSection":0,"sectionNotes":[[81600,2,0],[81800,3,0],[82000,1,0],[82200,0,0],[82400,2,0],[82600,3,0],[82800,3,0],[83000,0,0]],"lengthInSteps":16,"bpm":150,"changeBPM":false,"mustHitSection":true},{"typeOfSection":0,"sectionNotes":[[83200,3,0],[83400,3,0],[83600,1,0],[83800,0,0],[84000,2,0],[84200,3,0],[84400,1,0],[84600,0,0]],"lengthInSteps":16,"bpm":150,"changeBPM":false,"mustHitSection":true},{"typeOfSection":0,"sectionNotes":[[85000,3,0],[85200,1,0],[84800,2,0],[85400,0,0],[85600,1,0],[86000,3,0],[85800,2,100],[86200,1,0]],"lengthInSteps":16,"bpm":150,"changeBPM":false,"mustHitSection":true},{"typeOfSection":0,"sectionNotes":[[86400,7,300],[86400,0,0],[86500,2,100],[86800,3,0],[87000,0,0],[87400,0,0],[87800,3,0]],"lengthInSteps":16,"altAnim":true,"bpm":150,"changeBPM":false,"mustHitSection":false},{"typeOfSection":0,"sectionNotes":[[88000,7,300],[88000,0,0],[88100,2,100],[88400,3,0],[88600,0,0],[89000,0,0],[89400,3,0]],"lengthInSteps":16,"bpm":150,"changeBPM":false,"mustHitSection":true},{"typeOfSection":0,"sectionNotes":[[89600,7,300],[89600,0,0],[89700,2,100],[90000,3,0],[90200,0,0],[90600,0,0],[91000,3,0]],"lengthInSteps":16,"altAnim":true,"bpm":150,"changeBPM":false,"mustHitSection":false},{"typeOfSection":0,"sectionNotes":[[91200,7,300],[91200,0,0],[91300,2,100],[91600,3,0],[91800,0,0],[92200,0,0],[92600,3,0]],"lengthInSteps":16,"bpm":150,"changeBPM":false,"mustHitSection":true},{"typeOfSection":0,"sectionNotes":[[92800,3,0]],"lengthInSteps":16,"bpm":150,"changeBPM":false,"mustHitSection":true},{"typeOfSection":0,"sectionNotes":[],"lengthInSteps":16,"bpm":150,"changeBPM":false,"mustHitSection":true},{"typeOfSection":0,"sectionNotes":[],"lengthInSteps":16,"altAnim":false,"bpm":150,"changeBPM":false,"mustHitSection":true},{"typeOfSection":0,"sectionNotes":[],"lengthInSteps":16,"altAnim":false,"bpm":150,"changeBPM":false,"mustHitSection":true},{"typeOfSection":0,"sectionNotes":[],"lengthInSteps":16,"altAnim":false,"bpm":150,"changeBPM":false,"mustHitSection":true},{"typeOfSection":0,"sectionNotes":[],"lengthInSteps":16,"altAnim":false,"bpm":150,"changeBPM":false,"mustHitSection":true},{"lengthInSteps":16,"altAnim":false,"typeOfSection":0,"sectionNotes":[],"bpm":150,"changeBPM":false,"mustHitSection":true}],"sections":65,"bpm":150,"song":{"sectionLengths":[],"player1":"pico","player2":"parents-christmas","notes":[{"typeOfSection":0,"sectionNotes":[],"lengthInSteps":16,"bpm":95,"changeBPM":false,"mustHitSection":true},{"typeOfSection":0,"sectionNotes":[],"lengthInSteps":16,"bpm":95,"changeBPM":false,"mustHitSection":true},{"typeOfSection":0,"sectionNotes":[[3400,1,0],[3800,1,0],[4200,1,0],[4400,3,0],[4600,2,0]],"lengthInSteps":16,"bpm":95,"changeBPM":false,"mustHitSection":false},{"typeOfSection":0,"sectionNotes":[[5000,1,0],[5400,1,0],[5600,3,0],[6000,3,0],[6200,1,0],[5800,2,0]],"lengthInSteps":16,"bpm":95,"changeBPM":false,"mustHitSection":false},{"typeOfSection":0,"sectionNotes":[[6600,1,0],[7000,1,0],[7400,1,0],[7600,3,0],[7800,2,0]],"lengthInSteps":16,"bpm":95,"changeBPM":false,"mustHitSection":false},{"typeOfSection":0,"sectionNotes":[[8200,1,0],[8600,1,0],[8800,3,0],[9000,2,0],[9400,1,0]],"lengthInSteps":16,"bpm":95,"changeBPM":false,"mustHitSection":false},{"typeOfSection":0,"sectionNotes":[[9800,1,0],[10200,1,0],[10600,1,0],[10800,3,0],[11000,2,0]],"lengthInSteps":16,"bpm":95,"changeBPM":false,"mustHitSection":true},{"typeOfSection":0,"sectionNotes":[[11400,1,0],[11800,1,0],[12000,3,0],[12200,2,0],[12400,3,0],[12600,1,0]],"lengthInSteps":16,"bpm":95,"changeBPM":false,"mustHitSection":true},{"typeOfSection":0,"sectionNotes":[[13000,1,0],[13400,1,0],[13800,1,0],[14000,3,0],[14200,2,0]],"lengthInSteps":16,"bpm":95,"changeBPM":false,"mustHitSection":true},{"typeOfSection":0,"sectionNotes":[[14600,1,0],[15000,1,0],[15200,3,0],[15400,2,0],[15800,1,0]],"lengthInSteps":16,"bpm":95,"changeBPM":false,"mustHitSection":true},{"typeOfSection":0,"sectionNotes":[[16200,3,100],[16000,2,0],[16800,3,100],[17200,0,0],[17400,2,0],[16400,1,0]],"lengthInSteps":16,"altAnim":true,"bpm":150,"changeBPM":false,"mustHitSection":false},{"typeOfSection":0,"sectionNotes":[[17800,0,0],[18200,0,0],[18600,0,0],[19000,3,400]],"lengthInSteps":16,"altAnim":true,"bpm":150,"changeBPM":false,"mustHitSection":false},{"typeOfSection":0,"sectionNotes":[[19600,1,100],[20000,3,100],[20400,1,0],[20600,0,0]],"lengthInSteps":16,"altAnim":true,"bpm":150,"changeBPM":false,"mustHitSection":false},{"typeOfSection":0,"sectionNotes":[[21000,0,0],[21400,1,0],[21800,1,0],[22000,2,300]],"lengthInSteps":16,"altAnim":true,"bpm":150,"changeBPM":false,"mustHitSection":false},{"typeOfSection":0,"sectionNotes":[[22400,4,300],[22600,3,100],[22800,1,0],[22400,2,0],[23200,3,100],[23600,0,0],[23800,2,0]],"lengthInSteps":16,"bpm":150,"changeBPM":false,"mustHitSection":true},{"typeOfSection":0,"sectionNotes":[[24200,0,0],[24600,0,0],[25000,0,0],[25400,3,400]],"lengthInSteps":16,"bpm":150,"changeBPM":false,"mustHitSection":true},{"typeOfSection":0,"sectionNotes":[[26000,1,100],[26400,3,100],[26800,1,0],[27000,0,0]],"lengthInSteps":16,"bpm":150,"changeBPM":false,"mustHitSection":true},{"typeOfSection":0,"sectionNotes":[[27400,0,0],[27800,1,0],[28200,1,0],[28400,2,300]],"lengthInSteps":16,"bpm":150,"changeBPM":false,"mustHitSection":true},{"typeOfSection":0,"sectionNotes":[[28800,4,300],[29200,1,0],[29000,3,0],[29400,0,0],[29500,3,0],[29800,3,0],[30000,1,0],[30200,0,0],[30300,3,0]],"lengthInSteps":16,"bpm":150,"changeBPM":false,"mustHitSection":false},{"typeOfSection":0,"sectionNotes":[[30600,3,0],[30800,1,0],[31000,0,0],[31100,3,0],[31400,3,0],[31600,3,0],[31800,0,0]],"lengthInSteps":16,"bpm":150,"changeBPM":false,"mustHitSection":false},{"typeOfSection":0,"sectionNotes":[[32000,3,0],[32200,3,0],[32400,1,0],[32600,0,0],[32700,3,0],[33000,3,0],[33200,1,0],[33400,0,0],[33500,3,0]],"lengthInSteps":16,"bpm":150,"changeBPM":false,"mustHitSection":false},{"typeOfSection":0,"sectionNotes":[[33800,3,0],[34000,1,0],[34200,0,0],[34400,1,0],[34500,0,0],[34800,3,0],[35000,1,0]],"lengthInSteps":16,"bpm":150,"changeBPM":false,"mustHitSection":false},{"typeOfSection":0,"sectionNotes":[[35600,1,0],[35400,3,0],[35800,0,0],[35900,3,0],[36200,3,0],[36400,1,0],[36600,0,0],[36700,3,0]],"lengthInSteps":16,"bpm":150,"changeBPM":false,"mustHitSection":true},{"typeOfSection":0,"sectionNotes":[[37000,3,0],[37200,1,0],[37400,0,0],[37500,3,0],[37800,3,0],[38000,3,0],[38200,0,0]],"lengthInSteps":16,"bpm":150,"changeBPM":false,"mustHitSection":true},{"typeOfSection":0,"sectionNotes":[[38400,3,0],[38600,3,0],[38800,1,0],[39000,0,0],[39100,3,0],[39400,3,0],[39600,1,0],[39800,0,0],[39900,3,0]],"lengthInSteps":16,"bpm":150,"changeBPM":false,"mustHitSection":true},{"typeOfSection":0,"sectionNotes":[[40200,3,0],[40400,1,0],[40600,0,0],[40800,1,0],[41200,3,0],[41000,2,100],[41400,1,0]],"lengthInSteps":16,"bpm":150,"changeBPM":false,"mustHitSection":true},{"typeOfSection":0,"sectionNotes":[[41600,7,300],[41600,0,0],[41700,2,100],[42000,3,0],[42200,0,0],[42600,0,0],[43000,3,0]],"lengthInSteps":16,"altAnim":true,"bpm":150,"changeBPM":false,"mustHitSection":false},{"typeOfSection":0,"sectionNotes":[[43200,7,300],[43200,0,0],[43300,2,100],[43600,3,0],[43800,0,0],[44200,0,0],[44600,3,0]],"lengthInSteps":16,"bpm":150,"changeBPM":false,"mustHitSection":true},{"typeOfSection":0,"sectionNotes":[[44800,7,300],[44800,0,0],[44900,2,100],[45200,3,0],[45400,0,0],[45800,0,0],[46200,3,0]],"lengthInSteps":16,"altAnim":true,"bpm":150,"changeBPM":false,"mustHitSection":false},{"typeOfSection":0,"sectionNotes":[[46400,7,300],[46400,0,0],[46500,2,100],[46800,3,0],[47000,0,0],[47400,0,0],[47800,3,0]],"lengthInSteps":16,"bpm":150,"changeBPM":false,"mustHitSection":true},{"typeOfSection":0,"sectionNotes":[[48200,1,0],[48600,1,0],[49000,1,0],[49400,3,0],[49200,2,0]],"lengthInSteps":16,"bpm":150,"changeBPM":false,"mustHitSection":false},{"typeOfSection":0,"sectionNotes":[[49800,1,0],[50200,1,0],[50600,1,0],[50800,3,0],[50900,0,0],[51000,3,0]],"lengthInSteps":16,"bpm":150,"changeBPM":false,"mustHitSection":false},{"typeOfSection":0,"sectionNotes":[[51400,1,0],[51800,1,0],[52200,1,0],[52600,3,0],[52400,2,0]],"lengthInSteps":16,"bpm":150,"changeBPM":false,"mustHitSection":false},{"typeOfSection":0,"sectionNotes":[[53000,1,0],[53400,1,0],[53800,1,0],[54000,3,0],[54100,0,0],[54200,3,0]],"lengthInSteps":16,"bpm":150,"changeBPM":false,"mustHitSection":false},{"typeOfSection":0,"sectionNotes":[[54600,1,0],[55000,1,0],[55400,1,0],[55800,3,0],[55600,2,0]],"lengthInSteps":16,"bpm":150,"changeBPM":false,"mustHitSection":true},{"typeOfSection":0,"sectionNotes":[[56200,1,0],[56600,1,0],[57000,1,0],[57200,3,0],[57300,0,0],[57400,3,0],[56200,1,0],[56600,1,0],[57000,1,0],[57200,3,0],[57300,0,0],[57400,3,0],[56200,1,0],[56600,1,0],[57000,1,0],[57200,3,0],[57300,0,0],[57400,3,0]],"lengthInSteps":16,"bpm":150,"changeBPM":false,"mustHitSection":true},{"typeOfSection":0,"sectionNotes":[[57800,1,0],[58200,1,0],[58600,1,0],[59000,3,0],[58800,2,0]],"lengthInSteps":16,"bpm":150,"changeBPM":false,"mustHitSection":true},{"typeOfSection":0,"sectionNotes":[[59400,1,0],[59800,1,0],[60200,1,0],[60400,3,0],[60500,0,0],[60600,3,0]],"lengthInSteps":16,"bpm":150,"changeBPM":false,"mustHitSection":true},{"typeOfSection":0,"sectionNotes":[[60800,2,0],[61000,3,0],[61200,0,0],[61600,1,0],[61800,0,0],[62000,1,0]],"lengthInSteps":16,"altAnim":true,"bpm":150,"changeBPM":false,"mustHitSection":false},{"typeOfSection":0,"sectionNotes":[[62400,0,0],[62600,1,0],[62800,0,0],[63000,3,100],[63200,1,0],[63400,2,0],[63600,3,200]],"lengthInSteps":16,"altAnim":true,"bpm":150,"changeBPM":false,"mustHitSection":false},{"typeOfSection":0,"sectionNotes":[[64000,2,0],[64200,3,0],[64400,0,0],[64800,1,0],[65000,0,0],[65200,1,0]],"lengthInSteps":16,"bpm":150,"changeBPM":false,"mustHitSection":true},{"typeOfSection":0,"sectionNotes":[[65600,0,0],[65800,1,0],[66000,0,0],[66200,3,100],[66400,1,0],[66600,2,0],[66800,3,200]],"lengthInSteps":16,"bpm":150,"changeBPM":false,"mustHitSection":true},{"typeOfSection":0,"sectionNotes":[[67200,1,0],[67400,3,0],[67600,0,200],[68000,1,0],[68200,1,0],[68400,1,0]],"lengthInSteps":16,"altAnim":true,"bpm":150,"changeBPM":false,"mustHitSection":false},{"typeOfSection":0,"sectionNotes":[[68800,3,0],[68900,0,100],[69200,1,0],[69400,1,0],[69600,2,300],[70000,2,300]],"lengthInSteps":16,"altAnim":true,"bpm":150,"changeBPM":false,"mustHitSection":false},{"typeOfSection":0,"sectionNotes":[[70400,1,0],[70600,3,0],[70800,0,200],[71600,1,0],[71200,1,0],[71400,0,0]],"lengthInSteps":16,"bpm":150,"changeBPM":false,"mustHitSection":true},{"typeOfSection":0,"sectionNotes":[[72000,3,0],[72100,0,100],[72400,1,0],[72600,1,0],[72800,2,300],[73200,2,300]],"lengthInSteps":16,"bpm":150,"changeBPM":false,"mustHitSection":true},{"typeOfSection":0,"sectionNotes":[[74200,4,0],[74300,7,0],[74400,6,0],[74600,7,0],[75100,7,0],[73600,4,300],[73900,7,0],[73600,4,300],[73800,3,100],[74000,1,0],[73600,2,0],[74400,3,100],[74800,0,0],[75000,2,0]],"lengthInSteps":16,"bpm":150,"changeBPM":false,"mustHitSection":true},{"typeOfSection":0,"sectionNotes":[[75600,5,0],[75400,7,0],[75900,7,0],[76000,6,0],[76200,7,0],[76400,5,0],[76600,4,0],[76700,7,0],[75400,0,0],[75800,0,0],[76200,0,0],[76600,3,400]],"lengthInSteps":16,"bpm":150,"changeBPM":false,"mustHitSection":true},{"typeOfSection":0,"sectionNotes":[[76800,7,0],[77000,7,0],[77200,5,0],[77400,4,0],[77500,7,0],[77800,7,0],[78000,5,0],[78200,4,0],[78300,7,0],[77200,1,100],[77600,3,100],[78000,1,0],[78200,0,0]],"lengthInSteps":16,"bpm":150,"changeBPM":false,"mustHitSection":true},{"typeOfSection":0,"sectionNotes":[[78600,7,0],[78800,5,0],[79000,4,0],[79200,5,0],[79300,4,0],[79600,7,0],[79800,5,0],[78600,0,0],[79000,1,0],[79400,1,0],[79600,2,300]],"lengthInSteps":16,"bpm":150,"changeBPM":false,"mustHitSection":true},{"typeOfSection":0,"sectionNotes":[[80400,1,0],[80200,3,0],[80600,0,0],[81000,3,0],[81200,1,0],[81400,0,0],[81500,3,0],[80800,2,0]],"lengthInSteps":16,"bpm":150,"changeBPM":false,"mustHitSection":true},{"typeOfSection":0,"sectionNotes":[[81600,2,0],[81800,3,0],[82000,1,0],[82200,0,0],[82400,2,0],[82600,3,0],[82800,3,0],[83000,0,0]],"lengthInSteps":16,"bpm":150,"changeBPM":false,"mustHitSection":true},{"typeOfSection":0,"sectionNotes":[[83200,3,0],[83400,3,0],[83600,1,0],[83800,0,0],[84000,2,0],[84200,3,0],[84400,1,0],[84600,0,0]],"lengthInSteps":16,"bpm":150,"changeBPM":false,"mustHitSection":true},{"typeOfSection":0,"sectionNotes":[[85000,3,0],[85200,1,0],[84800,2,0],[85400,0,0],[85600,1,0],[86000,3,0],[85800,2,100],[86200,1,0]],"lengthInSteps":16,"bpm":150,"changeBPM":false,"mustHitSection":true},{"typeOfSection":0,"sectionNotes":[[86400,7,300],[86400,0,0],[86500,2,100],[86800,3,0],[87000,0,0],[87400,0,0],[87800,3,0]],"lengthInSteps":16,"altAnim":true,"bpm":150,"changeBPM":false,"mustHitSection":false},{"typeOfSection":0,"sectionNotes":[[88000,7,300],[88000,0,0],[88100,2,100],[88400,3,0],[88600,0,0],[89000,0,0],[89400,3,0]],"lengthInSteps":16,"bpm":150,"changeBPM":false,"mustHitSection":true},{"typeOfSection":0,"sectionNotes":[[89600,7,300],[89600,0,0],[89700,2,100],[90000,3,0],[90200,0,0],[90600,0,0],[91000,3,0]],"lengthInSteps":16,"altAnim":true,"bpm":150,"changeBPM":false,"mustHitSection":false},{"typeOfSection":0,"sectionNotes":[[91200,7,300],[91200,0,0],[91300,2,100],[91600,3,0],[91800,0,0],[92200,0,0],[92600,3,0]],"lengthInSteps":16,"bpm":150,"changeBPM":false,"mustHitSection":true},{"typeOfSection":0,"sectionNotes":[[92800,3,0]],"lengthInSteps":16,"bpm":150,"changeBPM":false,"mustHitSection":true},{"typeOfSection":0,"sectionNotes":[],"lengthInSteps":16,"bpm":150,"changeBPM":false,"mustHitSection":true},{"typeOfSection":0,"sectionNotes":[],"lengthInSteps":16,"altAnim":false,"bpm":150,"changeBPM":false,"mustHitSection":true},{"typeOfSection":0,"sectionNotes":[],"lengthInSteps":16,"altAnim":false,"bpm":150,"changeBPM":false,"mustHitSection":true},{"typeOfSection":0,"sectionNotes":[],"lengthInSteps":16,"altAnim":false,"bpm":150,"changeBPM":false,"mustHitSection":true},{"typeOfSection":0,"sectionNotes":[],"lengthInSteps":16,"altAnim":false,"bpm":150,"changeBPM":false,"mustHitSection":true},{"lengthInSteps":16,"altAnim":false,"typeOfSection":0,"sectionNotes":[],"bpm":150,"changeBPM":false,"mustHitSection":true}],"song":"Eggnog","validScore":true,"sections":0,"needsVoices":true,"speed":1.9,"bpm":150}}